India.Checklist.Name,eBird.species.code.2019,Maps,Trends
Fulvous Whistling Duck,fuwduc,Fulvous Whistling Duck_terrain,Fulvous Whistling Duck_trend
Lesser Whistling Duck,lewduc1,Lesser Whistling Duck_terrain,Lesser Whistling Duck_trend
Bar-headed Goose,bahgoo,Bar-headed Goose_terrain,Bar-headed Goose_trend
Greylag Goose,gragoo,Greylag Goose_terrain,Greylag Goose_trend
Comb Duck,comduc2,Comb Duck_terrain,Comb Duck_trend
Ruddy Shelduck,rudshe,Ruddy Shelduck_terrain,Ruddy Shelduck_trend
Cotton Teal,copgoo1,Cotton Teal_terrain,Cotton Teal_trend
Garganey,gargan,Garganey_terrain,Garganey_trend
Northern Shoveler,norsho,Northern Shoveler_terrain,Northern Shoveler_trend
Gadwall,gadwal,Gadwall_terrain,Gadwall_trend
Eurasian Wigeon,eurwig,Eurasian Wigeon_terrain,Eurasian Wigeon_trend
Indian Spot-billed Duck,isbduc1,Indian Spot-billed Duck_terrain,Indian Spot-billed Duck_trend
Mallard,mallar3,Mallard_terrain,Mallard_trend
Northern Pintail,norpin,Northern Pintail_terrain,Northern Pintail_trend
Common Teal,gnwtea,Common Teal_terrain,Common Teal_trend
Andaman Teal,andtea1,Andaman Teal_terrain,Andaman Teal_trend
White-winged Wood Duck,whwduc1,White-winged Wood Duck_terrain,White-winged Wood Duck_trend
Red-crested Pochard,recpoc,Red-crested Pochard_terrain,Red-crested Pochard_trend
Common Pochard,compoc,Common Pochard_terrain,Common Pochard_trend
Ferruginous Duck,ferduc,Ferruginous Duck_terrain,Ferruginous Duck_trend
Tufted Duck,tufduc,Tufted Duck_terrain,Tufted Duck_trend
Common Merganser,commer,Common Merganser_terrain,Common Merganser_trend
Nicobar Megapode,nicscr1,Nicobar Megapode_terrain,Nicobar Megapode_trend
Common Hill Partridge,hilpar1,Common Hill Partridge_terrain,Common Hill Partridge_trend
Chestnut-breasted Hill Partridge,chbpar2,Chestnut-breasted Hill Partridge_terrain,Chestnut-breasted Hill Partridge_trend
Rufous-throated Hill Partridge,rutpar1,Rufous-throated Hill Partridge_terrain,Rufous-throated Hill Partridge_trend
White-cheeked Hill Partridge,whcpar1,White-cheeked Hill Partridge_terrain,White-cheeked Hill Partridge_trend
Indian Peafowl,compea,Indian Peafowl_terrain,Indian Peafowl_trend
Red Spurfowl,redspu1,Red Spurfowl_terrain,Red Spurfowl_trend
Painted Spurfowl,paispu1,Painted Spurfowl_terrain,Painted Spurfowl_trend
Rain Quail,raiqua1,Rain Quail_terrain,Rain Quail_trend
Chukar Partridge,chukar,Chukar Partridge_terrain,Chukar Partridge_trend
Himalayan Snowcock,himsno,Himalayan Snowcock_terrain,Himalayan Snowcock_trend
Jungle Bush Quail,jubqua1,Jungle Bush Quail_terrain,Jungle Bush Quail_trend
Rock Bush Quail,robqua1,Rock Bush Quail_terrain,Rock Bush Quail_trend
Painted Bush Quail,pabqua1,Painted Bush Quail_terrain,Painted Bush Quail_trend
Manipur Bush Quail,mabqua1,Manipur Bush Quail_terrain,Manipur Bush Quail_trend
Himalayan Quail,himqua1,Himalayan Quail_terrain,Himalayan Quail_trend
Black Francolin,blkfra,Black Francolin_terrain,Black Francolin_trend
Painted Francolin,paifra1,Painted Francolin_terrain,Painted Francolin_trend
Grey Francolin,gryfra,Grey Francolin_terrain,Grey Francolin_trend
Swamp Francolin,swafra1,Swamp Francolin_terrain,Swamp Francolin_trend
Mountain Bamboo Partridge,mobpar1,Mountain Bamboo Partridge_terrain,Mountain Bamboo Partridge_trend
Red Junglefowl,redjun,Red Junglefowl_terrain,Red Junglefowl_trend
Grey Junglefowl,grejun2,Grey Junglefowl_terrain,Grey Junglefowl_trend
Blood Pheasant,blophe1,Blood Pheasant_terrain,Blood Pheasant_trend
Himalayan Monal,himmon1,Himalayan Monal_terrain,Himalayan Monal_trend
Sclater's Monal,sclmon1,Sclater's Monal_terrain,Sclater's Monal_trend
Snow Partridge,snopar1,Snow Partridge_terrain,Snow Partridge_trend
Western Tragopan,westra1,Western Tragopan_terrain,Western Tragopan_trend
Satyr Tragopan,sattra1,Satyr Tragopan_terrain,Satyr Tragopan_trend
Blyth's Tragopan,blytra1,Blyth's Tragopan_terrain,Blyth's Tragopan_trend
Cheer Pheasant,chephe1,Cheer Pheasant_terrain,Cheer Pheasant_trend
Kalij Pheasant,kalphe,Kalij Pheasant_terrain,Kalij Pheasant_trend
Koklass Pheasant,kokphe1,Koklass Pheasant_terrain,Koklass Pheasant_trend
Greater Flamingo,grefla3,Greater Flamingo_terrain,Greater Flamingo_trend
Lesser Flamingo,lesfla1,Lesser Flamingo_terrain,Lesser Flamingo_trend
Little Grebe,litgre1,Little Grebe_terrain,Little Grebe_trend
Great Crested Grebe,grcgre1,Great Crested Grebe_terrain,Great Crested Grebe_trend
Rock Pigeon,rocpig,Rock Pigeon_terrain,Rock Pigeon_trend
Hill Pigeon,hilpig1,Hill Pigeon_terrain,Hill Pigeon_trend
Snow Pigeon,snopig1,Snow Pigeon_terrain,Snow Pigeon_trend
Yellow-eyed Pigeon,pabpig1,Yellow-eyed Pigeon_terrain,Yellow-eyed Pigeon_trend
Speckled Wood Pigeon,spwpig1,Speckled Wood Pigeon_terrain,Speckled Wood Pigeon_trend
Ashy Wood Pigeon,aswpig1,Ashy Wood Pigeon_terrain,Ashy Wood Pigeon_trend
Nilgiri Wood Pigeon,niwpig1,Nilgiri Wood Pigeon_terrain,Nilgiri Wood Pigeon_trend
Pale-capped Pigeon,pacpig1,Pale-capped Pigeon_terrain,Pale-capped Pigeon_trend
Andaman Wood Pigeon,anwpig1,Andaman Wood Pigeon_terrain,Andaman Wood Pigeon_trend
Oriental Turtle Dove,ortdov,Oriental Turtle Dove_terrain,Oriental Turtle Dove_trend
Eurasian Collared Dove,eucdov,Eurasian Collared Dove_terrain,Eurasian Collared Dove_trend
Red Collared Dove,recdov1,Red Collared Dove_terrain,Red Collared Dove_trend
Spotted Dove,spodov,Spotted Dove_terrain,Spotted Dove_trend
Laughing Dove,laudov1,Laughing Dove_terrain,Laughing Dove_trend
Barred Cuckoo Dove,bacdov1,Barred Cuckoo Dove_terrain,Barred Cuckoo Dove_trend
Andaman Cuckoo Dove,ancdov1,Andaman Cuckoo Dove_terrain,Andaman Cuckoo Dove_trend
Asian Emerald Dove,emedov2,Asian Emerald Dove_terrain,Asian Emerald Dove_trend
Orange-breasted Green Pigeon,orbpig1,Orange-breasted Green Pigeon_terrain,Orange-breasted Green Pigeon_trend
Grey-fronted Green Pigeon,pomgrp2,Grey-fronted Green Pigeon_terrain,Grey-fronted Green Pigeon_trend
Andaman Green Pigeon,pomgrp4,Andaman Green Pigeon_terrain,Andaman Green Pigeon_trend
Yellow-legged Green Pigeon,yefpig1,Yellow-legged Green Pigeon_terrain,Yellow-legged Green Pigeon_trend
Pin-tailed Green Pigeon,pitpig1,Pin-tailed Green Pigeon_terrain,Pin-tailed Green Pigeon_trend
Wedge-tailed Green Pigeon,wetpig1,Wedge-tailed Green Pigeon_terrain,Wedge-tailed Green Pigeon_trend
Green Imperial-Pigeon,gripig1,Green Imperial-Pigeon_terrain,Green Imperial-Pigeon_trend
Nicobar Imperial-Pigeon,grnimp2,Nicobar Imperial-Pigeon_terrain,Nicobar Imperial-Pigeon_trend
Mountain Imperial Pigeon,moipig1,Mountain Imperial Pigeon_terrain,Mountain Imperial Pigeon_trend
Tibetan Sandgrouse,tibsan1,Tibetan Sandgrouse_terrain,Tibetan Sandgrouse_trend
Chestnut-bellied Sandgrouse,chbsan,Chestnut-bellied Sandgrouse_terrain,Chestnut-bellied Sandgrouse_trend
Painted Sandgrouse,paisan1,Painted Sandgrouse_terrain,Painted Sandgrouse_trend
Great Indian Bustard,indbus1,Great Indian Bustard_terrain,Great Indian Bustard_trend
Bengal Florican,benflo2,Bengal Florican_terrain,Bengal Florican_trend
Lesser Florican,lesflo2,Lesser Florican_terrain,Lesser Florican_trend
Andaman Coucal,andcou1,Andaman Coucal_terrain,Andaman Coucal_trend
Greater Coucal,grecou1,Greater Coucal_terrain,Greater Coucal_trend
Lesser Coucal,lescou1,Lesser Coucal_terrain,Lesser Coucal_trend
Sirkeer Malkoha,sirmal1,Sirkeer Malkoha_terrain,Sirkeer Malkoha_trend
Blue-faced Malkoha,blfmal1,Blue-faced Malkoha_terrain,Blue-faced Malkoha_trend
Green-billed Malkoha,grbmal1,Green-billed Malkoha_terrain,Green-billed Malkoha_trend
Pied Cuckoo,piecuc1,Pied Cuckoo_terrain,Pied Cuckoo_trend
Asian Koel,asikoe2,Asian Koel_terrain,Asian Koel_trend
Banded Bay Cuckoo,babcuc2,Banded Bay Cuckoo_terrain,Banded Bay Cuckoo_trend
Plaintive Cuckoo,placuc1,Plaintive Cuckoo_terrain,Plaintive Cuckoo_trend
Grey-bellied Cuckoo,placuc3,Grey-bellied Cuckoo_terrain,Grey-bellied Cuckoo_trend
Fork-tailed Drongo Cuckoo,asidrc2,Fork-tailed Drongo Cuckoo_terrain,Fork-tailed Drongo Cuckoo_trend
Square-tailed Drongo Cuckoo,asidrc3,Square-tailed Drongo Cuckoo_terrain,Square-tailed Drongo Cuckoo_trend
Large Hawk Cuckoo,larhac2,Large Hawk Cuckoo_terrain,Large Hawk Cuckoo_trend
Common Hawk Cuckoo,cohcuc1,Common Hawk Cuckoo_terrain,Common Hawk Cuckoo_trend
Lesser Cuckoo,lescuc1,Lesser Cuckoo_terrain,Lesser Cuckoo_trend
Indian Cuckoo,indcuc1,Indian Cuckoo_terrain,Indian Cuckoo_trend
Himalayan Cuckoo,himcuc1,Himalayan Cuckoo_terrain,Himalayan Cuckoo_trend
Common Cuckoo,comcuc,Common Cuckoo_terrain,Common Cuckoo_trend
White-rumped Spinetail,whrnee1,White-rumped Spinetail_terrain,White-rumped Spinetail_trend
Brown-backed Needletail,brbnee1,Brown-backed Needletail_terrain,Brown-backed Needletail_trend
Glossy Swiftlet,pltswi1,Glossy Swiftlet_terrain,Glossy Swiftlet_trend
Indian Swiftlet,indswi1,Indian Swiftlet_terrain,Indian Swiftlet_trend
Himalayan Swiftlet,himswi2,Himalayan Swiftlet_terrain,Himalayan Swiftlet_trend
Alpine Swift,alpswi1,Alpine Swift_terrain,Alpine Swift_trend
Blyth's Swift,blyswi1,Blyth's Swift_terrain,Blyth's Swift_trend
Dark-rumped Swift,darswi1,Dark-rumped Swift_terrain,Dark-rumped Swift_trend
Indian House Swift,litswi1,Indian House Swift_terrain,Indian House Swift_trend
Asian Palm Swift,aspswi1,Asian Palm Swift_terrain,Asian Palm Swift_trend
Crested Treeswift,cretre1,Crested Treeswift_terrain,Crested Treeswift_trend
Slaty-breasted Rail,slbrai1,Slaty-breasted Rail_terrain,Slaty-breasted Rail_trend
Common Moorhen,commoo3,Common Moorhen_terrain,Common Moorhen_trend
Common Coot,eurcoo,Common Coot_terrain,Common Coot_trend
Purple Swamphen,purswa3,Purple Swamphen_terrain,Purple Swamphen_trend
Watercock,waterc1,Watercock_terrain,Watercock_trend
White-breasted Waterhen,whbwat1,White-breasted Waterhen_terrain,White-breasted Waterhen_trend
Andaman Crake,andcra1,Andaman Crake_terrain,Andaman Crake_trend
Slaty-legged Crake,sllcra1,Slaty-legged Crake_terrain,Slaty-legged Crake_trend
Ruddy-breasted Crake,rubcra1,Ruddy-breasted Crake_terrain,Ruddy-breasted Crake_trend
Brown Crake,brocra1,Brown Crake_terrain,Brown Crake_trend
Baillon's Crake,baicra1,Baillon's Crake_terrain,Baillon's Crake_trend
Black-tailed Crake,bltcra1,Black-tailed Crake_terrain,Black-tailed Crake_trend
Demoiselle Crane,demcra1,Demoiselle Crane_terrain,Demoiselle Crane_trend
Sarus Crane,sarcra1,Sarus Crane_terrain,Sarus Crane_trend
Common Crane,comcra,Common Crane_terrain,Common Crane_trend
Black-necked Crane,blncra1,Black-necked Crane_terrain,Black-necked Crane_trend
Indian Thick-knee,indthk1,Indian Thick-knee_terrain,Indian Thick-knee_trend
Great Thick-knee,grtkne1,Great Thick-knee_terrain,Great Thick-knee_trend
Black-winged Stilt,bkwsti,Black-winged Stilt_terrain,Black-winged Stilt_trend
Pied Avocet,pieavo1,Pied Avocet_terrain,Pied Avocet_trend
Eurasian Oystercatcher,euroys1,Eurasian Oystercatcher_terrain,Eurasian Oystercatcher_trend
Grey Plover,bkbplo,Grey Plover_terrain,Grey Plover_trend
Pacific Golden Plover,pagplo,Pacific Golden Plover_terrain,Pacific Golden Plover_trend
Northern Lapwing,norlap,Northern Lapwing_terrain,Northern Lapwing_trend
River Lapwing,rivlap1,River Lapwing_terrain,River Lapwing_trend
Yellow-wattled Lapwing,yewlap2,Yellow-wattled Lapwing_terrain,Yellow-wattled Lapwing_trend
Grey-headed Lapwing,gyhlap1,Grey-headed Lapwing_terrain,Grey-headed Lapwing_trend
Red-wattled Lapwing,rewlap1,Red-wattled Lapwing_terrain,Red-wattled Lapwing_trend
Sociable Lapwing,soclap1,Sociable Lapwing_terrain,Sociable Lapwing_trend
White-tailed Lapwing,whtlap1,White-tailed Lapwing_terrain,White-tailed Lapwing_trend
Lesser Sand Plover,lesplo,Lesser Sand Plover_terrain,Lesser Sand Plover_trend
Greater Sand Plover,grsplo,Greater Sand Plover_terrain,Greater Sand Plover_trend
Kentish Plover,kenplo1,Kentish Plover_terrain,Kentish Plover_trend
Little Ringed Plover,lirplo,Little Ringed Plover_terrain,Little Ringed Plover_trend
Greater Painted-snipe,grpsni1,Greater Painted-snipe_terrain,Greater Painted-snipe_trend
Pheasant-tailed Jacana,phtjac1,Pheasant-tailed Jacana_terrain,Pheasant-tailed Jacana_trend
Bronze-winged Jacana,brwjac1,Bronze-winged Jacana_terrain,Bronze-winged Jacana_trend
Whimbrel,whimbr,Whimbrel_terrain,Whimbrel_trend
Eurasian Curlew,eurcur,Eurasian Curlew_terrain,Eurasian Curlew_trend
Bar-tailed Godwit,batgod,Bar-tailed Godwit_terrain,Bar-tailed Godwit_trend
Black-tailed Godwit,bktgod,Black-tailed Godwit_terrain,Black-tailed Godwit_trend
Ruddy Turnstone,rudtur,Ruddy Turnstone_terrain,Ruddy Turnstone_trend
Great Knot,grekno,Great Knot_terrain,Great Knot_trend
Ruff,ruff,Ruff_terrain,Ruff_trend
Broad-billed Sandpiper,brbsan,Broad-billed Sandpiper_terrain,Broad-billed Sandpiper_trend
Curlew Sandpiper,cursan,Curlew Sandpiper_terrain,Curlew Sandpiper_trend
Temminck's Stint,temsti,Temminck's Stint_terrain,Temminck's Stint_trend
Sanderling,sander,Sanderling_terrain,Sanderling_trend
Dunlin,dunlin,Dunlin_terrain,Dunlin_trend
Little Stint,litsti,Little Stint_terrain,Little Stint_trend
Common Snipe,comsni,Common Snipe_terrain,Common Snipe_trend
Pintail Snipe,pitsni,Pintail Snipe_terrain,Pintail Snipe_trend
Terek Sandpiper,tersan,Terek Sandpiper_terrain,Terek Sandpiper_trend
Common Sandpiper,comsan,Common Sandpiper_terrain,Common Sandpiper_trend
Green Sandpiper,grnsan,Green Sandpiper_terrain,Green Sandpiper_trend
Spotted Redshank,spored,Spotted Redshank_terrain,Spotted Redshank_trend
Common Greenshank,comgre,Common Greenshank_terrain,Common Greenshank_trend
Marsh Sandpiper,marsan,Marsh Sandpiper_terrain,Marsh Sandpiper_trend
Wood Sandpiper,woosan,Wood Sandpiper_terrain,Wood Sandpiper_trend
Common Redshank,comred1,Common Redshank_terrain,Common Redshank_trend
Yellow-legged Buttonquail,yelbut1,Yellow-legged Buttonquail_terrain,Yellow-legged Buttonquail_trend
Barred Buttonquail,barbut1,Barred Buttonquail_terrain,Barred Buttonquail_trend
Indian Courser,indcou1,Indian Courser_terrain,Indian Courser_trend
Jerdon's Courser,jercou1,Jerdon's Courser_terrain,Jerdon's Courser_trend
Oriental Pratincole,oripra,Oriental Pratincole_terrain,Oriental Pratincole_trend
Little Pratincole,smapra1,Little Pratincole_terrain,Little Pratincole_trend
Slender-billed Gull,slbgul1,Slender-billed Gull_terrain,Slender-billed Gull_trend
Black-headed Gull,bkhgul,Black-headed Gull_terrain,Black-headed Gull_trend
Brown-headed Gull,bnhgul1,Brown-headed Gull_terrain,Brown-headed Gull_trend
Pallas's Gull,gbhgul2,Pallas's Gull_terrain,Pallas's Gull_trend
Lesser Black-backed Gull,lbbgul,Lesser Black-backed Gull_terrain,Lesser Black-backed Gull_trend
Little Tern,litter1,Little Tern_terrain,Little Tern_trend
Gull-billed Tern,gubter1,Gull-billed Tern_terrain,Gull-billed Tern_trend
Caspian Tern,caster1,Caspian Tern_terrain,Caspian Tern_trend
Whiskered Tern,whiter2,Whiskered Tern_terrain,Whiskered Tern_trend
Common Tern,comter,Common Tern_terrain,Common Tern_trend
Black-bellied Tern,blbter1,Black-bellied Tern_terrain,Black-bellied Tern_trend
River Tern,rivter1,River Tern_terrain,River Tern_trend
Greater Crested Tern,grcter1,Greater Crested Tern_terrain,Greater Crested Tern_trend
Lesser Crested Tern,lecter2,Lesser Crested Tern_terrain,Lesser Crested Tern_trend
Indian Skimmer,indski1,Indian Skimmer_terrain,Indian Skimmer_trend
Asian Openbill,asiope1,Asian Openbill_terrain,Asian Openbill_trend
Black Stork,blasto1,Black Stork_terrain,Black Stork_trend
Woolly-necked Stork,wonsto1,Woolly-necked Stork_terrain,Woolly-necked Stork_trend
Black-necked Stork,blnsto1,Black-necked Stork_terrain,Black-necked Stork_trend
Lesser Adjutant,lesadj1,Lesser Adjutant_terrain,Lesser Adjutant_trend
Greater Adjutant,greadj1,Greater Adjutant_terrain,Greater Adjutant_trend
Painted Stork,paisto1,Painted Stork_terrain,Painted Stork_trend
Oriental Darter,darter2,Oriental Darter_terrain,Oriental Darter_trend
Little Cormorant,litcor1,Little Cormorant_terrain,Little Cormorant_trend
Great Cormorant,grecor,Great Cormorant_terrain,Great Cormorant_trend
Indian Cormorant,indcor1,Indian Cormorant_terrain,Indian Cormorant_trend
Great White Pelican,grwpel1,Great White Pelican_terrain,Great White Pelican_trend
Spot-billed Pelican,spbpel1,Spot-billed Pelican_terrain,Spot-billed Pelican_trend
Dalmatian Pelican,dalpel1,Dalmatian Pelican_terrain,Dalmatian Pelican_trend
Yellow Bittern,yelbit,Yellow Bittern_terrain,Yellow Bittern_trend
Cinnamon Bittern,cinbit1,Cinnamon Bittern_terrain,Cinnamon Bittern_trend
Black Bittern,blabit1,Black Bittern_terrain,Black Bittern_trend
Grey Heron,graher1,Grey Heron_terrain,Grey Heron_trend
White-bellied Heron,whbher2,White-bellied Heron_terrain,White-bellied Heron_trend
Purple Heron,purher1,Purple Heron_terrain,Purple Heron_trend
Great Egret,greegr,Great Egret_terrain,Great Egret_trend
Intermediate Egret,integr,Intermediate Egret_terrain,Intermediate Egret_trend
Little Egret,litegr,Little Egret_terrain,Little Egret_trend
Western Reef Egret,werher,Western Reef Egret_terrain,Western Reef Egret_trend
Cattle Egret,categr,Cattle Egret_terrain,Cattle Egret_trend
Indian Pond Heron,inpher1,Indian Pond Heron_terrain,Indian Pond Heron_trend
Striated Heron,strher,Striated Heron_terrain,Striated Heron_trend
Black-crowned Night Heron,bcnher,Black-crowned Night Heron_terrain,Black-crowned Night Heron_trend
Malayan Night Heron,manher1,Malayan Night Heron_terrain,Malayan Night Heron_trend
Glossy Ibis,gloibi,Glossy Ibis_terrain,Glossy Ibis_trend
Black-headed Ibis,blhibi1,Black-headed Ibis_terrain,Black-headed Ibis_trend
Indian Black Ibis,renibi1,Indian Black Ibis_terrain,Indian Black Ibis_trend
Eurasian Spoonbill,eurspo1,Eurasian Spoonbill_terrain,Eurasian Spoonbill_trend
Osprey,osprey,Osprey_terrain,Osprey_trend
Black-winged Kite,bkskit1,Black-winged Kite_terrain,Black-winged Kite_trend
Bearded Vulture,lammer1,Bearded Vulture_terrain,Bearded Vulture_trend
Egyptian Vulture,egyvul1,Egyptian Vulture_terrain,Egyptian Vulture_trend
Oriental Honey Buzzard,orihob2,Oriental Honey Buzzard_terrain,Oriental Honey Buzzard_trend
Jerdon's Baza,jerbaz1,Jerdon's Baza_terrain,Jerdon's Baza_trend
Black Baza,blabaz1,Black Baza_terrain,Black Baza_trend
Red-headed Vulture,rehvul1,Red-headed Vulture_terrain,Red-headed Vulture_trend
Cinereous Vulture,cinvul1,Cinereous Vulture_terrain,Cinereous Vulture_trend
White-rumped Vulture,whrvul1,White-rumped Vulture_terrain,White-rumped Vulture_trend
Indian Vulture,indvul1,Indian Vulture_terrain,Indian Vulture_trend
Slender-billed Vulture,slbvul1,Slender-billed Vulture_terrain,Slender-billed Vulture_trend
Himalayan Vulture,himgri1,Himalayan Vulture_terrain,Himalayan Vulture_trend
Griffon Vulture,eurgri1,Griffon Vulture_terrain,Griffon Vulture_trend
Nicobar Serpent Eagle,nicsee1,Nicobar Serpent Eagle_terrain,Nicobar Serpent Eagle_trend
Crested Serpent Eagle,crseag1,Crested Serpent Eagle_terrain,Crested Serpent Eagle_trend
Andaman Serpent Eagle,anseag1,Andaman Serpent Eagle_terrain,Andaman Serpent Eagle_trend
Short-toed Snake Eagle,shteag1,Short-toed Snake Eagle_terrain,Short-toed Snake Eagle_trend
Changeable Hawk Eagle,y00839,Changeable Hawk Eagle_terrain,Changeable Hawk Eagle_trend
Mountain Hawk-Eagle,mouhae1,Mountain Hawk-Eagle_terrain,Mountain Hawk-Eagle_trend
Legge's Hawk-Eagle,mouhae2,Legge's Hawk-Eagle_terrain,Legge's Hawk-Eagle_trend
Rufous-bellied Eagle,rubeag2,Rufous-bellied Eagle_terrain,Rufous-bellied Eagle_trend
Black Eagle,blaeag1,Black Eagle_terrain,Black Eagle_trend
Indian Spotted Eagle,inseag1,Indian Spotted Eagle_terrain,Indian Spotted Eagle_trend
Greater Spotted Eagle,grseag1,Greater Spotted Eagle_terrain,Greater Spotted Eagle_trend
Booted Eagle,booeag1,Booted Eagle_terrain,Booted Eagle_trend
Tawny Eagle,taweag1,Tawny Eagle_terrain,Tawny Eagle_trend
Steppe Eagle,steeag1,Steppe Eagle_terrain,Steppe Eagle_trend
Eastern Imperial Eagle,impeag1,Eastern Imperial Eagle_terrain,Eastern Imperial Eagle_trend
Golden Eagle,goleag,Golden Eagle_terrain,Golden Eagle_trend
Bonelli's Eagle,boneag2,Bonelli's Eagle_terrain,Bonelli's Eagle_trend
White-eyed Buzzard,whebuz1,White-eyed Buzzard_terrain,White-eyed Buzzard_trend
Western Marsh Harrier,wemhar1,Western Marsh Harrier_terrain,Western Marsh Harrier_trend
Pallid Harrier,palhar1,Pallid Harrier_terrain,Pallid Harrier_trend
Montagu's Harrier,monhar1,Montagu's Harrier_terrain,Montagu's Harrier_trend
Crested Goshawk,cregos1,Crested Goshawk_terrain,Crested Goshawk_trend
Shikra,shikra1,Shikra_terrain,Shikra_trend
Nicobar Sparrowhawk,nicspa1,Nicobar Sparrowhawk_terrain,Nicobar Sparrowhawk_trend
Besra,besra1,Besra_terrain,Besra_trend
Eurasian Sparrowhawk,eurspa1,Eurasian Sparrowhawk_terrain,Eurasian Sparrowhawk_trend
Black Kite,blakit1,Black Kite_terrain,Black Kite_trend
Brahminy Kite,brakit1,Brahminy Kite_terrain,Brahminy Kite_trend
Pallas's Fish Eagle,pafeag1,Pallas's Fish Eagle_terrain,Pallas's Fish Eagle_trend
White-bellied Sea Eagle,wbseag1,White-bellied Sea Eagle_terrain,White-bellied Sea Eagle_trend
Lesser Fish Eagle,lefeag1,Lesser Fish Eagle_terrain,Lesser Fish Eagle_trend
Grey-headed Fish Eagle,gyhfie1,Grey-headed Fish Eagle_terrain,Grey-headed Fish Eagle_trend
Common Buzzard,combuz1,Common Buzzard_terrain,Common Buzzard_trend
Himalayan Buzzard,combuz9,Himalayan Buzzard_terrain,Himalayan Buzzard_trend
Long-legged Buzzard,lolbuz1,Long-legged Buzzard_terrain,Long-legged Buzzard_trend
Dusky Eagle Owl,dueowl1,Dusky Eagle Owl_terrain,Dusky Eagle Owl_trend
Brown Fish Owl,brfowl1,Brown Fish Owl_terrain,Brown Fish Owl_trend
Collared Owlet,colowl1,Collared Owlet_terrain,Collared Owlet_trend
Asian Barred Owlet,asbowl1,Asian Barred Owlet_terrain,Asian Barred Owlet_trend
Jungle Owlet,junowl1,Jungle Owlet_terrain,Jungle Owlet_trend
Forest Owlet,forowl1,Forest Owlet_terrain,Forest Owlet_trend
Short-eared Owl,sheowl,Short-eared Owl_terrain,Short-eared Owl_trend
Malabar Trogon,maltro1,Malabar Trogon_terrain,Malabar Trogon_trend
Red-headed Trogon,rehtro1,Red-headed Trogon_terrain,Red-headed Trogon_trend
Ward's Trogon,wartro1,Ward's Trogon_terrain,Ward's Trogon_trend
Common Hoopoe,hoopoe,Common Hoopoe_terrain,Common Hoopoe_trend
Great Hornbill,grehor1,Great Hornbill_terrain,Great Hornbill_trend
Austen's Brown Hornbill,brnhor1,Austen's Brown Hornbill_terrain,Austen's Brown Hornbill_trend
Indian Grey Hornbill,inghor2,Indian Grey Hornbill_terrain,Indian Grey Hornbill_trend
Malabar Grey Hornbill,maghor2,Malabar Grey Hornbill_terrain,Malabar Grey Hornbill_trend
Malabar Pied Hornbill,maphor1,Malabar Pied Hornbill_terrain,Malabar Pied Hornbill_trend
Oriental Pied Hornbill,orphor1,Oriental Pied Hornbill_terrain,Oriental Pied Hornbill_trend
Rufous-necked Hornbill,runhor1,Rufous-necked Hornbill_terrain,Rufous-necked Hornbill_trend
Wreathed Hornbill,wrehor1,Wreathed Hornbill_terrain,Wreathed Hornbill_trend
Narcondam Hornbill,narhor1,Narcondam Hornbill_terrain,Narcondam Hornbill_trend
Common Kingfisher,comkin1,Common Kingfisher_terrain,Common Kingfisher_trend
Blue-eared Kingfisher,blekin1,Blue-eared Kingfisher_terrain,Blue-eared Kingfisher_trend
Oriental Dwarf Kingfisher,bkbkin1,Oriental Dwarf Kingfisher_terrain,Oriental Dwarf Kingfisher_trend
Stork-billed Kingfisher,stbkin1,Stork-billed Kingfisher_terrain,Stork-billed Kingfisher_trend
White-throated Kingfisher,whtkin2,White-throated Kingfisher_terrain,White-throated Kingfisher_trend
Black-capped Kingfisher,blckin1,Black-capped Kingfisher_terrain,Black-capped Kingfisher_trend
Collared Kingfisher,colkin1,Collared Kingfisher_terrain,Collared Kingfisher_trend
Crested Kingfisher,crekin1,Crested Kingfisher_terrain,Crested Kingfisher_trend
Pied Kingfisher,piekin1,Pied Kingfisher_terrain,Pied Kingfisher_trend
Blue-bearded Bee-eater,bbbeat1,Blue-bearded Bee-eater_terrain,Blue-bearded Bee-eater_trend
Green Bee-eater,grbeat1,Green Bee-eater_terrain,Green Bee-eater_trend
Blue-cheeked Bee-eater,bcbeat1,Blue-cheeked Bee-eater_terrain,Blue-cheeked Bee-eater_trend
Blue-tailed Bee-eater,btbeat1,Blue-tailed Bee-eater_terrain,Blue-tailed Bee-eater_trend
Chestnut-headed Bee-eater,chbeat1,Chestnut-headed Bee-eater_terrain,Chestnut-headed Bee-eater_trend
European Roller,eurrol1,European Roller_terrain,European Roller_trend
Indian Roller,indrol2,Indian Roller_terrain,Indian Roller_trend
Dollarbird,dollar1,Dollarbird_terrain,Dollarbird_trend
Malabar Barbet,crfbar1,Malabar Barbet_terrain,Malabar Barbet_trend
Coppersmith Barbet,copbar1,Coppersmith Barbet_terrain,Coppersmith Barbet_trend
Blue-eared Barbet,blebar1,Blue-eared Barbet_terrain,Blue-eared Barbet_trend
Great Barbet,grebar1,Great Barbet_terrain,Great Barbet_trend
Lineated Barbet,linbar1,Lineated Barbet_terrain,Lineated Barbet_trend
Brown-headed Barbet,brhbar1,Brown-headed Barbet_terrain,Brown-headed Barbet_trend
White-cheeked Barbet,whcbar1,White-cheeked Barbet_terrain,White-cheeked Barbet_trend
Golden-throated Barbet,gotbar2,Golden-throated Barbet_terrain,Golden-throated Barbet_trend
Blue-throated Barbet,bltbar2,Blue-throated Barbet_terrain,Blue-throated Barbet_trend
Yellow-rumped Honeyguide,yerhon1,Yellow-rumped Honeyguide_terrain,Yellow-rumped Honeyguide_trend
Eurasian Wryneck,eurwry,Eurasian Wryneck_terrain,Eurasian Wryneck_trend
Speckled Piculet,spepic1,Speckled Piculet_terrain,Speckled Piculet_trend
White-browed Piculet,whbpic3,White-browed Piculet_terrain,White-browed Piculet_trend
Heart-spotted Woodpecker,heswoo1,Heart-spotted Woodpecker_terrain,Heart-spotted Woodpecker_trend
Brown-capped Pygmy Woodpecker,bncwoo3,Brown-capped Pygmy Woodpecker_terrain,Brown-capped Pygmy Woodpecker_trend
Grey-capped Pygmy Woodpecker,gycwoo1,Grey-capped Pygmy Woodpecker_terrain,Grey-capped Pygmy Woodpecker_trend
Yellow-fronted Pied Woodpecker,yecwoo1,Yellow-fronted Pied Woodpecker_terrain,Yellow-fronted Pied Woodpecker_trend
Brown-fronted Pied Woodpecker,brfwoo1,Brown-fronted Pied Woodpecker_terrain,Brown-fronted Pied Woodpecker_trend
Rufous-bellied Woodpecker,rubwoo1,Rufous-bellied Woodpecker_terrain,Rufous-bellied Woodpecker_trend
Fulvous-breasted Pied Woodpecker,fubwoo2,Fulvous-breasted Pied Woodpecker_terrain,Fulvous-breasted Pied Woodpecker_trend
Darjeeling Pied Woodpecker,darwoo1,Darjeeling Pied Woodpecker_terrain,Darjeeling Pied Woodpecker_trend
Himalayan Pied Woodpecker,himwoo1,Himalayan Pied Woodpecker_terrain,Himalayan Pied Woodpecker_trend
Bay Woodpecker,baywoo1,Bay Woodpecker_terrain,Bay Woodpecker_trend
Greater Golden-backed Woodpecker,grefla1,Greater Golden-backed Woodpecker_terrain,Greater Golden-backed Woodpecker_trend
White-naped Woodpecker,whnwoo1,White-naped Woodpecker_terrain,White-naped Woodpecker_trend
Rufous Woodpecker,rufwoo2,Rufous Woodpecker_terrain,Rufous Woodpecker_trend
Pale-headed Woodpecker,pahwoo1,Pale-headed Woodpecker_terrain,Pale-headed Woodpecker_trend
Himalayan Golden-backed Woodpecker,himfla1,Himalayan Golden-backed Woodpecker_terrain,Himalayan Golden-backed Woodpecker_trend
Common Golden-backed Woodpecker,comfla1,Common Golden-backed Woodpecker_terrain,Common Golden-backed Woodpecker_trend
Lesser Golden-backed Woodpecker,bkrfla1,Lesser Golden-backed Woodpecker_terrain,Lesser Golden-backed Woodpecker_trend
Lesser Yellow-naped Woodpecker,lesyel1,Lesser Yellow-naped Woodpecker_terrain,Lesser Yellow-naped Woodpecker_trend
Streak-throated Woodpecker,sttwoo1,Streak-throated Woodpecker_terrain,Streak-throated Woodpecker_trend
Scaly-bellied Woodpecker,scbwoo1,Scaly-bellied Woodpecker_terrain,Scaly-bellied Woodpecker_trend
Grey-headed Woodpecker,gyfwoo1,Grey-headed Woodpecker_terrain,Grey-headed Woodpecker_trend
Greater Yellow-naped Woodpecker,greyel1,Greater Yellow-naped Woodpecker_terrain,Greater Yellow-naped Woodpecker_trend
Great Slaty Woodpecker,grswoo1,Great Slaty Woodpecker_terrain,Great Slaty Woodpecker_trend
White-bellied Woodpecker,whbwoo2,White-bellied Woodpecker_terrain,White-bellied Woodpecker_trend
Andaman Woodpecker,andwoo1,Andaman Woodpecker_terrain,Andaman Woodpecker_trend
Collared Falconet,colfal1,Collared Falconet_terrain,Collared Falconet_trend
Common Kestrel,eurkes,Common Kestrel_terrain,Common Kestrel_trend
Red-necked Falcon,renfal1,Red-necked Falcon_terrain,Red-necked Falcon_trend
Amur Falcon,amufal1,Amur Falcon_terrain,Amur Falcon_trend
Eurasian Hobby,eurhob,Eurasian Hobby_terrain,Eurasian Hobby_trend
Laggar Falcon,lagfal1,Laggar Falcon_terrain,Laggar Falcon_trend
Peregrine Falcon,perfal,Peregrine Falcon_terrain,Peregrine Falcon_trend
Alexandrine Parakeet,alepar2,Alexandrine Parakeet_terrain,Alexandrine Parakeet_trend
Rose-ringed Parakeet,rorpar,Rose-ringed Parakeet_terrain,Rose-ringed Parakeet_trend
Slaty-headed Parakeet,slhpar1,Slaty-headed Parakeet_terrain,Slaty-headed Parakeet_trend
Plum-headed Parakeet,plhpar1,Plum-headed Parakeet_terrain,Plum-headed Parakeet_trend
Malabar Parakeet,malpar1,Malabar Parakeet_terrain,Malabar Parakeet_trend
Red-breasted Parakeet,rebpar4,Red-breasted Parakeet_terrain,Red-breasted Parakeet_trend
Nicobar Parakeet,nicpar1,Nicobar Parakeet_terrain,Nicobar Parakeet_trend
Long-tailed Parakeet,lotpar2,Long-tailed Parakeet_terrain,Long-tailed Parakeet_trend
Vernal Hanging Parrot,vehpar1,Vernal Hanging Parrot_terrain,Vernal Hanging Parrot_trend
Long-tailed Broadbill,lotbro1,Long-tailed Broadbill_terrain,Long-tailed Broadbill_trend
Blue-naped Pitta,blnpit1,Blue-naped Pitta_terrain,Blue-naped Pitta_trend
Indian Pitta,indpit1,Indian Pitta_terrain,Indian Pitta_trend
Malabar Woodshrike,malwoo1,Malabar Woodshrike_terrain,Malabar Woodshrike_trend
Large Woodshrike,larwoo1,Large Woodshrike_terrain,Large Woodshrike_trend
Common Woodshrike,comwoo1,Common Woodshrike_terrain,Common Woodshrike_trend
Bar-winged Flycatcher-shrike,bwfshr1,Bar-winged Flycatcher-shrike_terrain,Bar-winged Flycatcher-shrike_trend
Ashy Woodswallow,ashwoo2,Ashy Woodswallow_terrain,Ashy Woodswallow_trend
Common Iora,comior1,Common Iora_terrain,Common Iora_trend
Marshall's Iora,whtior1,Marshall's Iora_terrain,Marshall's Iora_trend
White-bellied Minivet,whbmin3,White-bellied Minivet_terrain,White-bellied Minivet_trend
Small Minivet,smamin1,Small Minivet_terrain,Small Minivet_trend
Short-billed Minivet,shbmin2,Short-billed Minivet_terrain,Short-billed Minivet_trend
Long-tailed Minivet,lotmin1,Long-tailed Minivet_terrain,Long-tailed Minivet_trend
Orange Minivet,scamin3,Orange Minivet_terrain,Orange Minivet_trend
Scarlet Minivet,scamin1,Scarlet Minivet_terrain,Scarlet Minivet_trend
Large Cuckooshrike,larcus1,Large Cuckooshrike_terrain,Large Cuckooshrike_trend
Andaman Cuckooshrike,andcus1,Andaman Cuckooshrike_terrain,Andaman Cuckooshrike_trend
Black-winged Cuckooshrike,bkwcus1,Black-winged Cuckooshrike_terrain,Black-winged Cuckooshrike_trend
Black-headed Cuckooshrike,bkhcus1,Black-headed Cuckooshrike_terrain,Black-headed Cuckooshrike_trend
Isabelline Shrike,isashr1,Isabelline Shrike_terrain,Isabelline Shrike_trend
Brown Shrike,brnshr,Brown Shrike_terrain,Brown Shrike_trend
Bay-backed Shrike,babshr1,Bay-backed Shrike_terrain,Bay-backed Shrike_trend
Long-tailed Shrike,lotshr1,Long-tailed Shrike_terrain,Long-tailed Shrike_trend
Grey-backed Shrike,gybshr1,Grey-backed Shrike_terrain,Grey-backed Shrike_trend
Great Grey Shrike,norshr1,Great Grey Shrike_terrain,Great Grey Shrike_trend
Black-headed Shrike-babbler,bhsbab1,Black-headed Shrike-babbler_terrain,Black-headed Shrike-babbler_trend
Himalayan Shrike-babbler,himshb1,Himalayan Shrike-babbler_terrain,Himalayan Shrike-babbler_trend
Green Shrike-babbler,grsbab1,Green Shrike-babbler_terrain,Green Shrike-babbler_trend
White-bellied Erpornis,whbyuh1,White-bellied Erpornis_terrain,White-bellied Erpornis_trend
Indian Golden Oriole,ingori1,Indian Golden Oriole_terrain,Indian Golden Oriole_trend
Black-naped Oriole,blnori1,Black-naped Oriole_terrain,Black-naped Oriole_trend
Black-hooded Oriole,blhori1,Black-hooded Oriole_terrain,Black-hooded Oriole_trend
Maroon Oriole,marori2,Maroon Oriole_terrain,Maroon Oriole_trend
Black Drongo,bladro1,Black Drongo_terrain,Black Drongo_trend
Ashy Drongo,ashdro1,Ashy Drongo_terrain,Ashy Drongo_trend
White-bellied Drongo,whbdro1,White-bellied Drongo_terrain,White-bellied Drongo_trend
Bronzed Drongo,brodro1,Bronzed Drongo_terrain,Bronzed Drongo_trend
Lesser Racket-tailed Drongo,lrtdro1,Lesser Racket-tailed Drongo_terrain,Lesser Racket-tailed Drongo_trend
Hair-crested Drongo,hacdro1,Hair-crested Drongo_terrain,Hair-crested Drongo_trend
Andaman Drongo,anddro1,Andaman Drongo_terrain,Andaman Drongo_trend
Greater Racket-tailed Drongo,grtdro1,Greater Racket-tailed Drongo_terrain,Greater Racket-tailed Drongo_trend
White-throated Fantail,whtfan1,White-throated Fantail_terrain,White-throated Fantail_trend
White-spotted Fantail,spbfan1,White-spotted Fantail_terrain,White-spotted Fantail_trend
White-browed Fantail,whbfan2,White-browed Fantail_terrain,White-browed Fantail_trend
Black-naped Monarch,blnmon1,Black-naped Monarch_terrain,Black-naped Monarch_trend
Indian Paradise-flycatcher,aspfly1,Indian Paradise-flycatcher_terrain,Indian Paradise-flycatcher_trend
Eurasian Jay,eurjay1,Eurasian Jay_terrain,Eurasian Jay_trend
Black-headed Jay,blhjay1,Black-headed Jay_terrain,Black-headed Jay_trend
Yellow-billed Blue Magpie,gobmag1,Yellow-billed Blue Magpie_terrain,Yellow-billed Blue Magpie_trend
Red-billed Blue Magpie,rbbmag,Red-billed Blue Magpie_terrain,Red-billed Blue Magpie_trend
Common Green Magpie,gremag1,Common Green Magpie_terrain,Common Green Magpie_trend
Rufous Treepie,ruftre2,Rufous Treepie_terrain,Rufous Treepie_trend
Grey Treepie,grytre1,Grey Treepie_terrain,Grey Treepie_trend
White-bellied Treepie,whbtre1,White-bellied Treepie_terrain,White-bellied Treepie_trend
Collared Treepie,coltre1,Collared Treepie_terrain,Collared Treepie_trend
Andaman Treepie,andtre1,Andaman Treepie_terrain,Andaman Treepie_trend
Large-spotted Nutcracker,sponut1,Large-spotted Nutcracker_terrain,Large-spotted Nutcracker_trend
Red-billed Chough,rebcho1,Red-billed Chough_terrain,Red-billed Chough_trend
Yellow-billed Chough,yebcho1,Yellow-billed Chough_terrain,Yellow-billed Chough_trend
House Crow,houcro1,House Crow_terrain,House Crow_trend
Large-billed Crow,labcro1,Large-billed Crow_terrain,Large-billed Crow_trend
Common Raven,comrav,Common Raven_terrain,Common Raven_trend
Rufous-tailed Lark,rutlar2,Rufous-tailed Lark_terrain,Rufous-tailed Lark_trend
Ashy-crowned Sparrow Lark,ascspl1,Ashy-crowned Sparrow Lark_terrain,Ashy-crowned Sparrow Lark_trend
Singing Bushlark,sinbus1,Singing Bushlark_terrain,Singing Bushlark_trend
Bengal Bushlark,benbus1,Bengal Bushlark_terrain,Bengal Bushlark_trend
Jerdon's Bushlark,jerbus2,Jerdon's Bushlark_terrain,Jerdon's Bushlark_trend
Indian Bushlark,indbus2,Indian Bushlark_terrain,Indian Bushlark_trend
Greater Short-toed Lark,gstlar1,Greater Short-toed Lark_terrain,Greater Short-toed Lark_trend
Sykes's Short-toed Lark,sstlar4,Sykes's Short-toed Lark_terrain,Sykes's Short-toed Lark_trend
Sand Lark,sanlar1,Sand Lark_terrain,Sand Lark_trend
Oriental Skylark,orisky1,Oriental Skylark_terrain,Oriental Skylark_trend
Crested Lark,crelar2,Crested Lark_terrain,Crested Lark_trend
Malabar Lark,mallar1,Malabar Lark_terrain,Malabar Lark_trend
Sykes's Lark,tawlar1,Sykes's Lark_terrain,Sykes's Lark_trend
Grey-throated Martin,gytmar1,Grey-throated Martin_terrain,Grey-throated Martin_trend
Eurasian Crag Martin,eurcrm1,Eurasian Crag Martin_terrain,Eurasian Crag Martin_trend
Dusky Crag Martin,duscrm1,Dusky Crag Martin_terrain,Dusky Crag Martin_trend
Barn Swallow,barswa,Barn Swallow_terrain,Barn Swallow_trend
Wire-tailed Swallow,witswa1,Wire-tailed Swallow_terrain,Wire-tailed Swallow_trend
Hill Swallow,pacswa3,Hill Swallow_terrain,Hill Swallow_trend
Red-rumped Swallow,rerswa1,Red-rumped Swallow_terrain,Red-rumped Swallow_trend
Streak-throated Swallow,sttswa2,Streak-throated Swallow_terrain,Streak-throated Swallow_trend
Nepal House Martin,nephom1,Nepal House Martin_terrain,Nepal House Martin_trend
Yellow-bellied Fairy-fantail,yebfan1,Yellow-bellied Fairy-fantail_terrain,Yellow-bellied Fairy-fantail_trend
Grey-headed Canary-flycatcher,gyhcaf1,Grey-headed Canary-flycatcher_terrain,Grey-headed Canary-flycatcher_trend
Fire-capped Tit,fictit1,Fire-capped Tit_terrain,Fire-capped Tit_trend
Yellow-browed Tit,yebtit3,Yellow-browed Tit_terrain,Yellow-browed Tit_trend
Sultan Tit,sultit1,Sultan Tit_terrain,Sultan Tit_trend
Coal Tit,coatit2,Coal Tit_terrain,Coal Tit_trend
Rufous-naped Tit,bkbtit2,Rufous-naped Tit_terrain,Rufous-naped Tit_trend
Rufous-vented Tit,ruvtit2,Rufous-vented Tit_terrain,Rufous-vented Tit_trend
Grey-crested Tit,gyctit1,Grey-crested Tit_terrain,Grey-crested Tit_trend
Green-backed Tit,grbtit1,Green-backed Tit_terrain,Green-backed Tit_trend
Cinereous Tit,gretit2,Cinereous Tit_terrain,Cinereous Tit_trend
White-naped Tit,whwtit2,White-naped Tit_terrain,White-naped Tit_trend
Himalayan Black-lored Tit,blltit1,Himalayan Black-lored Tit_terrain,Himalayan Black-lored Tit_trend
Indian Yellow Tit,indtit1,Indian Yellow Tit_terrain,Indian Yellow Tit_trend
Yellow-cheeked Tit,yectit1,Yellow-cheeked Tit_terrain,Yellow-cheeked Tit_trend
Black-throated Tit,blttit2,Black-throated Tit_terrain,Black-throated Tit_trend
White-throated Tit,whttit1,White-throated Tit_terrain,White-throated Tit_trend
Black-browed Tit,bkbtit3,Black-browed Tit_terrain,Black-browed Tit_trend
Indian Nuthatch,chbnut2,Indian Nuthatch_terrain,Indian Nuthatch_trend
Chestnut-bellied Nuthatch,chbnut3,Chestnut-bellied Nuthatch_terrain,Chestnut-bellied Nuthatch_trend
Kashmir Nuthatch,kasnut1,Kashmir Nuthatch_terrain,Kashmir Nuthatch_trend
White-tailed Nuthatch,whtnut1,White-tailed Nuthatch_terrain,White-tailed Nuthatch_trend
White-cheeked Nuthatch,whcnut1,White-cheeked Nuthatch_terrain,White-cheeked Nuthatch_trend
Velvet-fronted Nuthatch,vefnut1,Velvet-fronted Nuthatch_terrain,Velvet-fronted Nuthatch_trend
Beautiful Nuthatch,beanut1,Beautiful Nuthatch_terrain,Beautiful Nuthatch_trend
Wallcreeper,wallcr1,Wallcreeper_terrain,Wallcreeper_trend
Hodgson's Treecreeper,eurtre3,Hodgson's Treecreeper_terrain,Hodgson's Treecreeper_trend
Bar-tailed Treecreeper,battre1,Bar-tailed Treecreeper_terrain,Bar-tailed Treecreeper_trend
Rusty-flanked Treecreeper,ruftre4,Rusty-flanked Treecreeper_terrain,Rusty-flanked Treecreeper_trend
Sikkim Treecreeper,bnttre1,Sikkim Treecreeper_terrain,Sikkim Treecreeper_trend
Indian Spotted Creeper,spocre3,Indian Spotted Creeper_terrain,Indian Spotted Creeper_trend
Eurasian Wren,winwre4,Eurasian Wren_terrain,Eurasian Wren_trend
Brown Dipper,brodip1,Brown Dipper_terrain,Brown Dipper_trend
Grey-headed Bulbul,gyhbul1,Grey-headed Bulbul_terrain,Grey-headed Bulbul_trend
Andaman Bulbul,andbul1,Andaman Bulbul_terrain,Andaman Bulbul_trend
Black-crested Bulbul,blcbul2,Black-crested Bulbul_terrain,Black-crested Bulbul_trend
Flame-throated Bulbul,bkcbul1,Flame-throated Bulbul_terrain,Flame-throated Bulbul_trend
Striated Bulbul,strbul2,Striated Bulbul_terrain,Striated Bulbul_trend
Red-vented Bulbul,revbul,Red-vented Bulbul_terrain,Red-vented Bulbul_trend
Red-whiskered Bulbul,rewbul,Red-whiskered Bulbul_terrain,Red-whiskered Bulbul_trend
White-eared Bulbul,whebul1,White-eared Bulbul_terrain,White-eared Bulbul_trend
Himalayan Bulbul,whcbul2,Himalayan Bulbul_terrain,Himalayan Bulbul_trend
Yellow-throated Bulbul,yetbul1,Yellow-throated Bulbul_terrain,Yellow-throated Bulbul_trend
White-browed Bulbul,whbbul2,White-browed Bulbul_terrain,White-browed Bulbul_trend
White-throated Bulbul,whtbul1,White-throated Bulbul_terrain,White-throated Bulbul_trend
Indian Olive Bulbul,cacbul1,Indian Olive Bulbul_terrain,Indian Olive Bulbul_trend
Yellow-browed Bulbul,yebbul3,Yellow-browed Bulbul_terrain,Yellow-browed Bulbul_trend
Black Bulbul,blabul1,Black Bulbul_terrain,Black Bulbul_trend
Square-tailed Bulbul,sqtbul1,Square-tailed Bulbul_terrain,Square-tailed Bulbul_trend
Nicobar Bulbul,nicbul2,Nicobar Bulbul_terrain,Nicobar Bulbul_trend
Ashy Bulbul,ashbul1,Ashy Bulbul_terrain,Ashy Bulbul_trend
Mountain Bulbul,moubul2,Mountain Bulbul_terrain,Mountain Bulbul_trend
Scaly-breasted Wren Babbler,sbwbab1,Scaly-breasted Wren Babbler_terrain,Scaly-breasted Wren Babbler_trend
Nepal Wren Babbler,immwrb1,Nepal Wren Babbler_terrain,Nepal Wren Babbler_trend
Pygmy Wren Babbler,pywbab1,Pygmy Wren Babbler_terrain,Pygmy Wren Babbler_trend
Pale-footed Bush Warbler,pfbwar1,Pale-footed Bush Warbler_terrain,Pale-footed Bush Warbler_trend
Grey-bellied Tesia,gybtes1,Grey-bellied Tesia_terrain,Grey-bellied Tesia_trend
Slaty-bellied Tesia,slbtes1,Slaty-bellied Tesia_terrain,Slaty-bellied Tesia_trend
Grey-sided Bush Warbler,gysbuw1,Grey-sided Bush Warbler_terrain,Grey-sided Bush Warbler_trend
Chestnut-headed Tesia,chhtes1,Chestnut-headed Tesia_terrain,Chestnut-headed Tesia_trend
Yellow-bellied Warbler,yebwar1,Yellow-bellied Warbler_terrain,Yellow-bellied Warbler_trend
Black-faced Warbler,blfwar1,Black-faced Warbler_terrain,Black-faced Warbler_trend
Mountain Tailorbird,moutai2,Mountain Tailorbird_terrain,Mountain Tailorbird_trend
Broad-billed Warbler,brbwar1,Broad-billed Warbler_terrain,Broad-billed Warbler_trend
Brownish-flanked Bush Warbler,bfbwar1,Brownish-flanked Bush Warbler_terrain,Brownish-flanked Bush Warbler_trend
Hume's Bush Warbler,yebbuw2,Hume's Bush Warbler_terrain,Hume's Bush Warbler_trend
Aberrant Bush Warbler,abbwar1,Aberrant Bush Warbler_terrain,Aberrant Bush Warbler_trend
Ashy-throated Warbler,astwar2,Ashy-throated Warbler_terrain,Ashy-throated Warbler_trend
Buff-barred Warbler,bubwar1,Buff-barred Warbler_terrain,Buff-barred Warbler_trend
Yellow-browed Warbler,yebwar3,Yellow-browed Warbler_terrain,Yellow-browed Warbler_trend
Hume's Leaf Warbler,humwar1,Hume's Leaf Warbler_terrain,Hume's Leaf Warbler_trend
Brooks's Leaf Warbler,brlwar1,Brooks's Leaf Warbler_terrain,Brooks's Leaf Warbler_trend
Lemon-rumped Warbler,parwar1,Lemon-rumped Warbler_terrain,Lemon-rumped Warbler_trend
Tytler's Leaf Warbler,tylwar1,Tytler's Leaf Warbler_terrain,Tytler's Leaf Warbler_trend
Sulphur-bellied Warbler,subwar2,Sulphur-bellied Warbler_terrain,Sulphur-bellied Warbler_trend
Tickell's Leaf Warbler,tilwar1,Tickell's Leaf Warbler_terrain,Tickell's Leaf Warbler_trend
Dusky Warbler,duswar,Dusky Warbler_terrain,Dusky Warbler_trend
Smoky Warbler,smowar1,Smoky Warbler_terrain,Smoky Warbler_trend
Kashmir Chiffchaff,mouchi2,Kashmir Chiffchaff_terrain,Kashmir Chiffchaff_trend
Common Chiffchaff,comchi1,Common Chiffchaff_terrain,Common Chiffchaff_trend
White-spectacled Warbler,whswar1,White-spectacled Warbler_terrain,White-spectacled Warbler_trend
Grey-cheeked Warbler,gycwar2,Grey-cheeked Warbler_terrain,Grey-cheeked Warbler_trend
Green-crowned Warbler,goswar1,Green-crowned Warbler_terrain,Green-crowned Warbler_trend
Whistler's Warbler,whiwar2,Whistler's Warbler_terrain,Whistler's Warbler_trend
Green Leaf Warbler,grnwar1,Green Leaf Warbler_terrain,Green Leaf Warbler_trend
Greenish Leaf Warbler,grewar3,Greenish Leaf Warbler_terrain,Greenish Leaf Warbler_trend
Large-billed Leaf Warbler,lblwar1,Large-billed Leaf Warbler_terrain,Large-billed Leaf Warbler_trend
Chestnut-crowned Warbler,chcwar2,Chestnut-crowned Warbler_terrain,Chestnut-crowned Warbler_trend
Yellow-vented Leaf Warbler,yevwar1,Yellow-vented Leaf Warbler_terrain,Yellow-vented Leaf Warbler_trend
Western Crowned Leaf Warbler,weclew1,Western Crowned Leaf Warbler_terrain,Western Crowned Leaf Warbler_trend
Blyth's Leaf Warbler,blylew1,Blyth's Leaf Warbler_terrain,Blyth's Leaf Warbler_trend
Grey-hooded Leaf Warbler,gyhwar2,Grey-hooded Leaf Warbler_terrain,Grey-hooded Leaf Warbler_trend
Thick-billed Warbler,thbwar1,Thick-billed Warbler_terrain,Thick-billed Warbler_trend
Booted Warbler,boowar1,Booted Warbler_terrain,Booted Warbler_trend
Sykes's Warbler,sykwar2,Sykes's Warbler_terrain,Sykes's Warbler_trend
Paddyfield Warbler,padwar1,Paddyfield Warbler_terrain,Paddyfield Warbler_trend
Blyth's Reed Warbler,blrwar1,Blyth's Reed Warbler_terrain,Blyth's Reed Warbler_trend
Clamorous Reed Warbler,clrwar1,Clamorous Reed Warbler_terrain,Clamorous Reed Warbler_trend
Striated Grassbird,strgra1,Striated Grassbird_terrain,Striated Grassbird_trend
Broad-tailed Grassbird,brtgra2,Broad-tailed Grassbird_terrain,Broad-tailed Grassbird_trend
West Himalayan Bush Warbler,spobuw2,West Himalayan Bush Warbler_terrain,West Himalayan Bush Warbler_trend
Spotted Bush Warbler,spobuw3,Spotted Bush Warbler_terrain,Spotted Bush Warbler_trend
Bristled Grassbird,brigra2,Bristled Grassbird_terrain,Bristled Grassbird_trend
Common Tailorbird,comtai1,Common Tailorbird_terrain,Common Tailorbird_trend
Striated Prinia,strpri2,Striated Prinia_terrain,Striated Prinia_trend
Black-throated Prinia,hilpri1,Black-throated Prinia_terrain,Black-throated Prinia_trend
Grey-crowned Prinia,gycpri1,Grey-crowned Prinia_terrain,Grey-crowned Prinia_trend
Rufous-fronted Prinia,rufpri2,Rufous-fronted Prinia_terrain,Rufous-fronted Prinia_trend
Grey-breasted Prinia,gybpri1,Grey-breasted Prinia_terrain,Grey-breasted Prinia_trend
Graceful Prinia,grapri1,Graceful Prinia_terrain,Graceful Prinia_trend
Jungle Prinia,junpri1,Jungle Prinia_terrain,Jungle Prinia_trend
Yellow-bellied Prinia,yebpri1,Yellow-bellied Prinia_terrain,Yellow-bellied Prinia_trend
Ashy Prinia,ashpri1,Ashy Prinia_terrain,Ashy Prinia_trend
Plain Prinia,plapri1,Plain Prinia_terrain,Plain Prinia_trend
Zitting Cisticola,zitcis1,Zitting Cisticola_terrain,Zitting Cisticola_trend
Golden-headed Cisticola,gohcis1,Golden-headed Cisticola_terrain,Golden-headed Cisticola_trend
Lesser Whitethroat,leswhi4,Lesser Whitethroat_terrain,Lesser Whitethroat_trend
Eastern Orphean Warbler,eaowar2,Eastern Orphean Warbler_terrain,Eastern Orphean Warbler_trend
Fire-tailed Myzornis,fitmyz1,Fire-tailed Myzornis_terrain,Fire-tailed Myzornis_trend
Yellow-eyed Babbler,yeebab1,Yellow-eyed Babbler_terrain,Yellow-eyed Babbler_trend
Jerdon's Babbler,jerbab1,Jerdon's Babbler_terrain,Jerdon's Babbler_trend
White-browed Fulvetta,whbful1,White-browed Fulvetta_terrain,White-browed Fulvetta_trend
White-breasted Parrotbill,ruhpar3,White-breasted Parrotbill_terrain,White-breasted Parrotbill_trend
Black-breasted Parrotbill,blbpar2,Black-breasted Parrotbill_terrain,Black-breasted Parrotbill_trend
Lesser Rufous-headed Parrotbill,blbpar3,Lesser Rufous-headed Parrotbill_terrain,Lesser Rufous-headed Parrotbill_trend
Black-throated Parrotbill,bltpar1,Black-throated Parrotbill_terrain,Black-throated Parrotbill_trend
Striated Yuhina,stryuh1,Striated Yuhina_terrain,Striated Yuhina_trend
White-naped Yuhina,whnyuh1,White-naped Yuhina_terrain,White-naped Yuhina_trend
Whiskered Yuhina,whiyuh1,Whiskered Yuhina_terrain,Whiskered Yuhina_trend
Stripe-throated Yuhina,sttyuh1,Stripe-throated Yuhina_terrain,Stripe-throated Yuhina_trend
Rufous-vented Yuhina,ruvyuh1,Rufous-vented Yuhina_terrain,Rufous-vented Yuhina_trend
Black-chinned Yuhina,blcyuh1,Black-chinned Yuhina_terrain,Black-chinned Yuhina_trend
Oriental White-eye,indwhe1,Oriental White-eye_terrain,Oriental White-eye_trend
Chestnut-capped Babbler,chcbab1,Chestnut-capped Babbler_terrain,Chestnut-capped Babbler_trend
Pin-striped Tit Babbler,sttbab1,Pin-striped Tit Babbler_terrain,Pin-striped Tit Babbler_trend
Tawny-bellied Babbler,tabbab1,Tawny-bellied Babbler_terrain,Tawny-bellied Babbler_trend
Dark-fronted Babbler,dafbab1,Dark-fronted Babbler_terrain,Dark-fronted Babbler_trend
Golden Babbler,golbab1,Golden Babbler_terrain,Golden Babbler_trend
Black-chinned Babbler,blcbab2,Black-chinned Babbler_terrain,Black-chinned Babbler_trend
Rufous-capped Babbler,rucbab1,Rufous-capped Babbler_terrain,Rufous-capped Babbler_trend
Buff-chested Babbler,bucbab1,Buff-chested Babbler_terrain,Buff-chested Babbler_trend
Rufous-throated Wren Babbler,rtwbab1,Rufous-throated Wren Babbler_terrain,Rufous-throated Wren Babbler_trend
Mishmi Wren Babbler,miswrb1,Mishmi Wren Babbler_terrain,Mishmi Wren Babbler_trend
Bar-winged Wren Babbler,bwwbab1,Bar-winged Wren Babbler_terrain,Bar-winged Wren Babbler_trend
Naga Wren Babbler,ltwbab1,Naga Wren Babbler_terrain,Naga Wren Babbler_trend
Tawny-breasted Wren Babbler,tbwbab1,Tawny-breasted Wren Babbler_terrain,Tawny-breasted Wren Babbler_trend
Slender-billed Scimitar Babbler,sbsbab1,Slender-billed Scimitar Babbler_terrain,Slender-billed Scimitar Babbler_trend
Streak-breasted Scimitar Babbler,sbsbab3,Streak-breasted Scimitar Babbler_terrain,Streak-breasted Scimitar Babbler_trend
Indian Scimitar Babbler,insbab1,Indian Scimitar Babbler_terrain,Indian Scimitar Babbler_trend
White-browed Scimitar Babbler,wbsbab1,White-browed Scimitar Babbler_terrain,White-browed Scimitar Babbler_trend
Rusty-cheeked Scimitar Babbler,rcsbab1,Rusty-cheeked Scimitar Babbler_terrain,Rusty-cheeked Scimitar Babbler_trend
Spot-breasted Scimitar Babbler,spbscb1,Spot-breasted Scimitar Babbler_terrain,Spot-breasted Scimitar Babbler_trend
Snowy-throated Babbler,sntbab1,Snowy-throated Babbler_terrain,Snowy-throated Babbler_trend
Sikkim Wedge-billed Babbler,wbwbab1,Sikkim Wedge-billed Babbler_terrain,Sikkim Wedge-billed Babbler_trend
Cachar Wedge-billed Babbler,chbbab1,Cachar Wedge-billed Babbler_terrain,Cachar Wedge-billed Babbler_trend
White-hooded Babbler,whhbab2,White-hooded Babbler_terrain,White-hooded Babbler_trend
Yellow-throated Fulvetta,yetful1,Yellow-throated Fulvetta_terrain,Yellow-throated Fulvetta_trend
Rufous-throated Fulvetta,rutful1,Rufous-throated Fulvetta_terrain,Rufous-throated Fulvetta_trend
Rufous-vented Grass Babbler,ruvpri1,Rufous-vented Grass Babbler_terrain,Rufous-vented Grass Babbler_trend
Swamp Grass Babbler,swapri1,Swamp Grass Babbler_terrain,Swamp Grass Babbler_trend
Puff-throated Babbler,putbab1,Puff-throated Babbler_terrain,Puff-throated Babbler_trend
Marsh Babbler,marbab2,Marsh Babbler_terrain,Marsh Babbler_trend
Long-billed Wren Babbler,lbwbab1,Long-billed Wren Babbler_terrain,Long-billed Wren Babbler_trend
Abbott's Babbler,abbbab1,Abbott's Babbler_terrain,Abbott's Babbler_trend
Indian Grass Babbler,rurgra1,Indian Grass Babbler_terrain,Indian Grass Babbler_trend
Ludlow's Fulvetta,ludful1,Ludlow's Fulvetta_terrain,Ludlow's Fulvetta_trend
Quaker Tit Babbler,brcful1,Quaker Tit Babbler_terrain,Quaker Tit Babbler_trend
Nepal Tit Babbler,nepful1,Nepal Tit Babbler_terrain,Nepal Tit Babbler_trend
Striated Laughingthrush,strlau2,Striated Laughingthrush_terrain,Striated Laughingthrush_trend
Himalayan Cutia,cutia1,Himalayan Cutia_terrain,Himalayan Cutia_trend
Common Babbler,combab3,Common Babbler_terrain,Common Babbler_trend
Striated Babbler,strbab1,Striated Babbler_terrain,Striated Babbler_trend
Slender-billed Babbler,slbbab1,Slender-billed Babbler_terrain,Slender-billed Babbler_trend
Large Grey Babbler,lagbab2,Large Grey Babbler_terrain,Large Grey Babbler_trend
Rufous Babbler,rufbab3,Rufous Babbler_terrain,Rufous Babbler_trend
Jungle Babbler,junbab2,Jungle Babbler_terrain,Jungle Babbler_trend
Yellow-billed Babbler,yebbab1,Yellow-billed Babbler_terrain,Yellow-billed Babbler_trend
White-crested Laughingthrush,whclau2,White-crested Laughingthrush_terrain,White-crested Laughingthrush_trend
Lesser Necklaced Laughingthrush,lenlau1,Lesser Necklaced Laughingthrush_terrain,Lesser Necklaced Laughingthrush_trend
Spot-breasted Laughingthrush,spblau1,Spot-breasted Laughingthrush_terrain,Spot-breasted Laughingthrush_trend
Moustached Laughingthrush,moulau1,Moustached Laughingthrush_terrain,Moustached Laughingthrush_trend
Rufous-chinned Laughingthrush,ruclau1,Rufous-chinned Laughingthrush_terrain,Rufous-chinned Laughingthrush_trend
Greater Necklaced Laughingthrush,gnlthr,Greater Necklaced Laughingthrush_terrain,Greater Necklaced Laughingthrush_trend
White-throated Laughingthrush,whtlau1,White-throated Laughingthrush_terrain,White-throated Laughingthrush_trend
Rufous-necked Laughingthrush,runlau1,Rufous-necked Laughingthrush_terrain,Rufous-necked Laughingthrush_trend
Chestnut-backed Laughingthrush,chblau1,Chestnut-backed Laughingthrush_terrain,Chestnut-backed Laughingthrush_trend
Yellow-throated Laughingthrush,yetlau1,Yellow-throated Laughingthrush_terrain,Yellow-throated Laughingthrush_trend
Wayanad Laughingthrush,wynlau1,Wayanad Laughingthrush_terrain,Wayanad Laughingthrush_trend
Rufous-vented Laughingthrush,ruvlau1,Rufous-vented Laughingthrush_terrain,Rufous-vented Laughingthrush_trend
Grey-sided Laughingthrush,gyslau,Grey-sided Laughingthrush_terrain,Grey-sided Laughingthrush_trend
Streaked Laughingthrush,strlau1,Streaked Laughingthrush_terrain,Streaked Laughingthrush_trend
Bhutan Laughingthrush,bhulau1,Bhutan Laughingthrush_terrain,Bhutan Laughingthrush_trend
Striped Laughingthrush,strlau3,Striped Laughingthrush_terrain,Striped Laughingthrush_trend
Scaly Laughingthrush,scalau1,Scaly Laughingthrush_terrain,Scaly Laughingthrush_trend
Brown-capped Laughingthrush,brclau1,Brown-capped Laughingthrush_terrain,Brown-capped Laughingthrush_trend
Blue-winged Laughingthrush,blwlau1,Blue-winged Laughingthrush_terrain,Blue-winged Laughingthrush_trend
Variegated Laughingthrush,varlau1,Variegated Laughingthrush_terrain,Variegated Laughingthrush_trend
Chestnut-crowned Laughingthrush,chclau2,Chestnut-crowned Laughingthrush_terrain,Chestnut-crowned Laughingthrush_trend
Assam Laughingthrush,asslau1,Assam Laughingthrush_terrain,Assam Laughingthrush_trend
Banasura Laughingthrush,bkclau1,Banasura Laughingthrush_terrain,Banasura Laughingthrush_trend
Nilgiri Laughingthrush,bkclau2,Nilgiri Laughingthrush_terrain,Nilgiri Laughingthrush_trend
Palani Laughingthrush,kerlau2,Palani Laughingthrush_terrain,Palani Laughingthrush_trend
Ashambu Laughingthrush,kerlau3,Ashambu Laughingthrush_terrain,Ashambu Laughingthrush_trend
Rufous Sibia,rufsib1,Rufous Sibia_terrain,Rufous Sibia_trend
Grey Sibia,grysib1,Grey Sibia_terrain,Grey Sibia_trend
Beautiful Sibia,beasib1,Beautiful Sibia_terrain,Beautiful Sibia_trend
Silver-eared Mesia,siemes1,Silver-eared Mesia_terrain,Silver-eared Mesia_trend
Red-billed Leiothrix,reblei,Red-billed Leiothrix_terrain,Red-billed Leiothrix_trend
Red-tailed Minla,retmin1,Red-tailed Minla_terrain,Red-tailed Minla_trend
Rufous-backed Sibia,rubsib1,Rufous-backed Sibia_terrain,Rufous-backed Sibia_trend
Bugun Liocichla,buglio1,Bugun Liocichla_terrain,Bugun Liocichla_trend
Red-faced Liocichla,reflio2,Red-faced Liocichla_terrain,Red-faced Liocichla_trend
Hoary-throated Barwing,hotbar1,Hoary-throated Barwing_terrain,Hoary-throated Barwing_trend
Streak-throated Barwing,sttbar1,Streak-throated Barwing_terrain,Streak-throated Barwing_trend
Rusty-fronted Barwing,rufbar1,Rusty-fronted Barwing_terrain,Rusty-fronted Barwing_trend
Blue-winged Minla,blwmin1,Blue-winged Minla_terrain,Blue-winged Minla_trend
Chestnut-tailed Minla,chtmin1,Chestnut-tailed Minla_terrain,Chestnut-tailed Minla_trend
Asian Fairy-bluebird,asfblu1,Asian Fairy-bluebird_terrain,Asian Fairy-bluebird_trend
Dark-sided Flycatcher,dasfly,Dark-sided Flycatcher_terrain,Dark-sided Flycatcher_trend
Asian Brown Flycatcher,asbfly,Asian Brown Flycatcher_terrain,Asian Brown Flycatcher_trend
Brown-breasted Flycatcher,brbfly2,Brown-breasted Flycatcher_terrain,Brown-breasted Flycatcher_trend
Indian Robin,indrob1,Indian Robin_terrain,Indian Robin_trend
Oriental Magpie Robin,magrob,Oriental Magpie Robin_terrain,Oriental Magpie Robin_trend
White-rumped Shama,whrsha,White-rumped Shama_terrain,White-rumped Shama_trend
Andaman Shama,andsha1,Andaman Shama_terrain,Andaman Shama_trend
White-gorgeted Flycatcher,whgfly1,White-gorgeted Flycatcher_terrain,White-gorgeted Flycatcher_trend
Nilgiri Sholakili,whbsho1,Nilgiri Sholakili_terrain,Nilgiri Sholakili_trend
White-bellied Sholakili,whbsho3,White-bellied Sholakili_terrain,White-bellied Sholakili_trend
White-bellied Blue Flycatcher,wbbfly1,White-bellied Blue Flycatcher_terrain,White-bellied Blue Flycatcher_trend
Pale-chinned Flycatcher,pacblf1,Pale-chinned Flycatcher_terrain,Pale-chinned Flycatcher_trend
Blue-throated Flycatcher,butfly1,Blue-throated Flycatcher_terrain,Blue-throated Flycatcher_trend
Large Blue Flycatcher,larblf1,Large Blue Flycatcher_terrain,Large Blue Flycatcher_trend
Tickell's Blue Flycatcher,tibfly3,Tickell's Blue Flycatcher_terrain,Tickell's Blue Flycatcher_trend
Nicobar Jungle Flycatcher,nicjuf1,Nicobar Jungle Flycatcher_terrain,Nicobar Jungle Flycatcher_trend
Large Niltava,larnil1,Large Niltava_terrain,Large Niltava_trend
Small Niltava,smanil1,Small Niltava_terrain,Small Niltava_trend
Rufous-bellied Niltava,rubnil1,Rufous-bellied Niltava_terrain,Rufous-bellied Niltava_trend
Nilgiri Flycatcher,nilfly2,Nilgiri Flycatcher_terrain,Nilgiri Flycatcher_trend
Verditer Flycatcher,verfly4,Verditer Flycatcher_terrain,Verditer Flycatcher_trend
Rusty-bellied Shortwing,rubsho1,Rusty-bellied Shortwing_terrain,Rusty-bellied Shortwing_trend
Gould's Shortwing,gousho1,Gould's Shortwing_terrain,Gould's Shortwing_trend
Lesser Shortwing,lessho1,Lesser Shortwing_terrain,Lesser Shortwing_trend
Indian Blue Robin,inbrob1,Indian Blue Robin_terrain,Indian Blue Robin_trend
Bluethroat,blueth,Bluethroat_terrain,Bluethroat_trend
Malabar Whistling Thrush,mawthr1,Malabar Whistling Thrush_terrain,Malabar Whistling Thrush_trend
Blue Whistling Thrush,blwthr1,Blue Whistling Thrush_terrain,Blue Whistling Thrush_trend
Little Forktail,litfor1,Little Forktail_terrain,Little Forktail_trend
Spotted Forktail,spofor1,Spotted Forktail_terrain,Spotted Forktail_trend
Black-backed Forktail,blbfor1,Black-backed Forktail_terrain,Black-backed Forktail_trend
Slaty-backed Forktail,slbfor1,Slaty-backed Forktail_terrain,Slaty-backed Forktail_trend
Siberian Rubythroat,sibrub,Siberian Rubythroat_terrain,Siberian Rubythroat_trend
Himalayan Rubythroat,himrub1,Himalayan Rubythroat_terrain,Himalayan Rubythroat_trend
Chinese Rubythroat,chirub1,Chinese Rubythroat_terrain,Chinese Rubythroat_trend
White-tailed Robin,whtrob2,White-tailed Robin_terrain,White-tailed Robin_trend
Blue-fronted Robin,blfrob1,Blue-fronted Robin_terrain,Blue-fronted Robin_trend
Himalayan Bush Robin,himblu1,Himalayan Bush Robin_terrain,Himalayan Bush Robin_trend
Rufous-breasted Bush Robin,rbbrob1,Rufous-breasted Bush Robin_terrain,Rufous-breasted Bush Robin_trend
Golden Bush Robin,gobrob1,Golden Bush Robin_terrain,Golden Bush Robin_trend
Black-and-orange Flycatcher,barfly1,Black-and-orange Flycatcher_terrain,Black-and-orange Flycatcher_trend
Slaty-blue Flycatcher,slbfly2,Slaty-blue Flycatcher_terrain,Slaty-blue Flycatcher_trend
Snowy-browed Flycatcher,snbfly1,Snowy-browed Flycatcher_terrain,Snowy-browed Flycatcher_trend
Pygmy Blue Flycatcher,pybfly1,Pygmy Blue Flycatcher_terrain,Pygmy Blue Flycatcher_trend
Rufous-gorgeted Flycatcher,rugfly1,Rufous-gorgeted Flycatcher_terrain,Rufous-gorgeted Flycatcher_trend
Sapphire Flycatcher,sapfly1,Sapphire Flycatcher_terrain,Sapphire Flycatcher_trend
Little Pied Flycatcher,lipfly1,Little Pied Flycatcher_terrain,Little Pied Flycatcher_trend
Ultramarine Flycatcher,ultfly1,Ultramarine Flycatcher_terrain,Ultramarine Flycatcher_trend
Rusty-tailed Flycatcher,rutfly6,Rusty-tailed Flycatcher_terrain,Rusty-tailed Flycatcher_trend
Taiga Flycatcher,taifly1,Taiga Flycatcher_terrain,Taiga Flycatcher_trend
Kashmir Flycatcher,kasfly1,Kashmir Flycatcher_terrain,Kashmir Flycatcher_trend
Red-breasted Flycatcher,rebfly,Red-breasted Flycatcher_terrain,Red-breasted Flycatcher_trend
Blue-fronted Redstart,blfred1,Blue-fronted Redstart_terrain,Blue-fronted Redstart_trend
Plumbeous Water Redstart,plured1,Plumbeous Water Redstart_terrain,Plumbeous Water Redstart_trend
White-capped Water Redstart,whcred1,White-capped Water Redstart_terrain,White-capped Water Redstart_trend
Blue-capped Redstart,bucred1,Blue-capped Redstart_terrain,Blue-capped Redstart_trend
White-winged Redstart,whwred2,White-winged Redstart_terrain,White-winged Redstart_trend
Black Redstart,blared1,Black Redstart_terrain,Black Redstart_trend
Chestnut-bellied Rock Thrush,cbrthr1,Chestnut-bellied Rock Thrush_terrain,Chestnut-bellied Rock Thrush_trend
Blue-capped Rock Thrush,bcrthr1,Blue-capped Rock Thrush_terrain,Blue-capped Rock Thrush_trend
Blue Rock Thrush,burthr,Blue Rock Thrush_terrain,Blue Rock Thrush_trend
Stoliczka's Bushchat,whbbus4,Stoliczka's Bushchat_terrain,Stoliczka's Bushchat_trend
Hodgson's Bushchat,whtbus1,Hodgson's Bushchat_terrain,Hodgson's Bushchat_trend
Siberian Stonechat,sibsto1,Siberian Stonechat_terrain,Siberian Stonechat_trend
Pied Bushchat,piebus1,Pied Bushchat_terrain,Pied Bushchat_trend
Grey Bushchat,grybus1,Grey Bushchat_terrain,Grey Bushchat_trend
Brown Rock Chat,indcha1,Brown Rock Chat_terrain,Brown Rock Chat_trend
Variable Wheatear,varwhe1,Variable Wheatear_terrain,Variable Wheatear_trend
Desert Wheatear,deswhe1,Desert Wheatear_terrain,Desert Wheatear_trend
Isabelline Wheatear,isawhe1,Isabelline Wheatear_terrain,Isabelline Wheatear_trend
Grandala,granda1,Grandala_terrain,Grandala_trend
Long-tailed Thrush,lotthr1,Long-tailed Thrush_terrain,Long-tailed Thrush_trend
Alpine Thrush,alpthr1,Alpine Thrush_terrain,Alpine Thrush_trend
Dark-sided Thrush,dasthr1,Dark-sided Thrush_terrain,Dark-sided Thrush_trend
Long-billed Thrush,lobthr1,Long-billed Thrush_terrain,Long-billed Thrush_trend
Scaly Thrush,scathr8,Scaly Thrush_terrain,Scaly Thrush_trend
Nilgiri Thrush,scathr4,Nilgiri Thrush_terrain,Nilgiri Thrush_trend
Purple Cochoa,purcoc1,Purple Cochoa_terrain,Purple Cochoa_trend
Pied Thrush,piethr1,Pied Thrush_terrain,Pied Thrush_trend
Orange-headed Thrush,orhthr1,Orange-headed Thrush_terrain,Orange-headed Thrush_trend
Mistle Thrush,misthr1,Mistle Thrush_terrain,Mistle Thrush_trend
Grey-winged Blackbird,gywbla1,Grey-winged Blackbird_terrain,Grey-winged Blackbird_trend
Indian Blackbird,eurbla2,Indian Blackbird_terrain,Indian Blackbird_trend
Tickell's Thrush,ticthr1,Tickell's Thrush_terrain,Tickell's Thrush_trend
Tibetan Blackbird,tibbla1,Tibetan Blackbird_terrain,Tibetan Blackbird_trend
White-collared Blackbird,whcbla1,White-collared Blackbird_terrain,White-collared Blackbird_trend
Common Hill Myna,hilmyn,Common Hill Myna_terrain,Common Hill Myna_trend
Southern Hill Myna,sohmyn1,Southern Hill Myna_terrain,Southern Hill Myna_trend
Common Starling,eursta,Common Starling_terrain,Common Starling_trend
Rosy Starling,rossta2,Rosy Starling_terrain,Rosy Starling_trend
Asian Pied Starling,aspsta2,Asian Pied Starling_terrain,Asian Pied Starling_trend
Brahminy Starling,brasta1,Brahminy Starling_terrain,Brahminy Starling_trend
Chestnut-tailed Starling,chtsta2,Chestnut-tailed Starling_terrain,Chestnut-tailed Starling_trend
Malabar Starling,malsta1,Malabar Starling_terrain,Malabar Starling_trend
White-headed Starling,whhsta2,White-headed Starling_terrain,White-headed Starling_trend
Common Myna,commyn,Common Myna_terrain,Common Myna_trend
Bank Myna,banmyn1,Bank Myna_terrain,Bank Myna_trend
Jungle Myna,junmyn1,Jungle Myna_terrain,Jungle Myna_trend
Great Myna,whvmyn1,Great Myna_terrain,Great Myna_trend
Spot-winged Starling,spwsta1,Spot-winged Starling_terrain,Spot-winged Starling_trend
Jerdon's Leafbird,jerlea1,Jerdon's Leafbird_terrain,Jerdon's Leafbird_trend
Golden-fronted Leafbird,goflea1,Golden-fronted Leafbird_terrain,Golden-fronted Leafbird_trend
Orange-bellied Leafbird,orblea1,Orange-bellied Leafbird_terrain,Orange-bellied Leafbird_trend
Thick-billed Flowerpecker,thbflo1,Thick-billed Flowerpecker_terrain,Thick-billed Flowerpecker_trend
Pale-billed Flowerpecker,pabflo1,Pale-billed Flowerpecker_terrain,Pale-billed Flowerpecker_trend
Nilgiri Flowerpecker,plaflo1,Nilgiri Flowerpecker_terrain,Nilgiri Flowerpecker_trend
Plain Flowerpecker,plaflo2,Plain Flowerpecker_terrain,Plain Flowerpecker_trend
Andaman Flowerpecker,andflo1,Andaman Flowerpecker_terrain,Andaman Flowerpecker_trend
Fire-breasted Flowerpecker,fibflo2,Fire-breasted Flowerpecker_terrain,Fire-breasted Flowerpecker_trend
Scarlet-backed Flowerpecker,scbflo1,Scarlet-backed Flowerpecker_terrain,Scarlet-backed Flowerpecker_trend
Ruby-cheeked Sunbird,rucsun2,Ruby-cheeked Sunbird_terrain,Ruby-cheeked Sunbird_trend
Purple-rumped Sunbird,pursun3,Purple-rumped Sunbird_terrain,Purple-rumped Sunbird_trend
Crimson-backed Sunbird,crbsun2,Crimson-backed Sunbird_terrain,Crimson-backed Sunbird_trend
Purple Sunbird,pursun4,Purple Sunbird_terrain,Purple Sunbird_trend
Loten's Sunbird,lobsun2,Loten's Sunbird_terrain,Loten's Sunbird_trend
Fire-tailed Sunbird,fitsun1,Fire-tailed Sunbird_terrain,Fire-tailed Sunbird_trend
Black-throated Sunbird,bltsun1,Black-throated Sunbird_terrain,Black-throated Sunbird_trend
Mrs Gould's Sunbird,gousun1,Mrs Gould's Sunbird_terrain,Mrs Gould's Sunbird_trend
Green-tailed Sunbird,grtsun1,Green-tailed Sunbird_terrain,Green-tailed Sunbird_trend
Vigors's Sunbird,wecsun1,Vigors's Sunbird_terrain,Vigors's Sunbird_trend
Crimson Sunbird,eacsun1,Crimson Sunbird_terrain,Crimson Sunbird_trend
Little Spiderhunter,litspi1,Little Spiderhunter_terrain,Little Spiderhunter_trend
Streaked Spiderhunter,strspi1,Streaked Spiderhunter_terrain,Streaked Spiderhunter_trend
Alpine Accentor,alpacc1,Alpine Accentor_terrain,Alpine Accentor_trend
Altai Accentor,himacc1,Altai Accentor_terrain,Altai Accentor_trend
Robin Accentor,robacc1,Robin Accentor_terrain,Robin Accentor_trend
Rufous-breasted Accentor,rubacc1,Rufous-breasted Accentor_terrain,Rufous-breasted Accentor_trend
Black-throated Accentor,bltacc1,Black-throated Accentor_terrain,Black-throated Accentor_trend
Maroon-backed Accentor,mabacc1,Maroon-backed Accentor_terrain,Maroon-backed Accentor_trend
Forest Wagtail,forwag1,Forest Wagtail_terrain,Forest Wagtail_trend
Grey Wagtail,grywag,Grey Wagtail_terrain,Grey Wagtail_trend
Western Yellow Wagtail,eaywag1,Western Yellow Wagtail_terrain,Western Yellow Wagtail_trend
Citrine Wagtail,citwag,Citrine Wagtail_terrain,Citrine Wagtail_trend
White-browed Wagtail,whbwag1,White-browed Wagtail_terrain,White-browed Wagtail_trend
White Wagtail,whiwag,White Wagtail_terrain,White Wagtail_trend
Richard's Pipit,ricpip1,Richard's Pipit_terrain,Richard's Pipit_trend
Paddyfield Pipit,oripip1,Paddyfield Pipit_terrain,Paddyfield Pipit_trend
Long-billed Pipit,lobpip1,Long-billed Pipit_terrain,Long-billed Pipit_trend
Blyth's Pipit,blypip1,Blyth's Pipit_terrain,Blyth's Pipit_trend
Tawny Pipit,tawpip1,Tawny Pipit_terrain,Tawny Pipit_trend
Nilgiri Pipit,nilpip1,Nilgiri Pipit_terrain,Nilgiri Pipit_trend
Upland Pipit,uplpip1,Upland Pipit_terrain,Upland Pipit_trend
Rosy Pipit,rospip1,Rosy Pipit_terrain,Rosy Pipit_trend
Tree Pipit,trepip,Tree Pipit_terrain,Tree Pipit_trend
Olive-backed Pipit,olbpip,Olive-backed Pipit_terrain,Olive-backed Pipit_trend
Black-and-yellow Grosbeak,baygro1,Black-and-yellow Grosbeak_terrain,Black-and-yellow Grosbeak_trend
Collared Grosbeak,colgro1,Collared Grosbeak_terrain,Collared Grosbeak_trend
Spot-winged Grosbeak,spwgro1,Spot-winged Grosbeak_terrain,Spot-winged Grosbeak_trend
Common Rosefinch,comros,Common Rosefinch_terrain,Common Rosefinch_trend
Scarlet Finch,scafin1,Scarlet Finch_terrain,Scarlet Finch_trend
Blyth's Rosefinch,blyros1,Blyth's Rosefinch_terrain,Blyth's Rosefinch_trend
Pink-browed Rosefinch,pibros2,Pink-browed Rosefinch_terrain,Pink-browed Rosefinch_trend
Spot-winged Rosefinch,spwros2,Spot-winged Rosefinch_terrain,Spot-winged Rosefinch_trend
Crimson-browed Finch,crbfin3,Crimson-browed Finch_terrain,Crimson-browed Finch_trend
Himalayan White-browed Rosefinch,whbros1,Himalayan White-browed Rosefinch_terrain,Himalayan White-browed Rosefinch_trend
Brown Bullfinch,brobul1,Brown Bullfinch_terrain,Brown Bullfinch_trend
Orange Bullfinch,orabul1,Orange Bullfinch_terrain,Orange Bullfinch_trend
Red-headed Bullfinch,rehbul1,Red-headed Bullfinch_terrain,Red-headed Bullfinch_trend
Gold-naped Finch,gonfin1,Gold-naped Finch_terrain,Gold-naped Finch_trend
Spectacled Finch,spefin1,Spectacled Finch_terrain,Spectacled Finch_trend
Dark-breasted Rosefinch,dabros1,Dark-breasted Rosefinch_terrain,Dark-breasted Rosefinch_trend
Plain Mountain Finch,plmfin1,Plain Mountain Finch_terrain,Plain Mountain Finch_trend
Yellow-breasted Greenfinch,yebgre4,Yellow-breasted Greenfinch_terrain,Yellow-breasted Greenfinch_trend
European Goldfinch,eurgol,European Goldfinch_terrain,European Goldfinch_trend
Fire-fronted Serin,fifser1,Fire-fronted Serin_terrain,Fire-fronted Serin_trend
Crested Bunting,crebun1,Crested Bunting_terrain,Crested Bunting_trend
Black-headed Bunting,blhbun1,Black-headed Bunting_terrain,Black-headed Bunting_trend
Red-headed Bunting,rehbun1,Red-headed Bunting_terrain,Red-headed Bunting_trend
Rock Bunting,rocbun1,Rock Bunting_terrain,Rock Bunting_trend
White-capped Bunting,chbbun1,White-capped Bunting_terrain,White-capped Bunting_trend
Grey-necked Bunting,gyhbun1,Grey-necked Bunting_terrain,Grey-necked Bunting_trend
Yellow-breasted Bunting,yebbun,Yellow-breasted Bunting_terrain,Yellow-breasted Bunting_trend
House Sparrow,houspa,House Sparrow_terrain,House Sparrow_trend
Sind Sparrow,sinspa1,Sind Sparrow_terrain,Sind Sparrow_trend
Russet Sparrow,russpa2,Russet Sparrow_terrain,Russet Sparrow_trend
Eurasian Tree Sparrow,eutspa,Eurasian Tree Sparrow_terrain,Eurasian Tree Sparrow_trend
Yellow-throated Sparrow,chspet1,Yellow-throated Sparrow_terrain,Yellow-throated Sparrow_trend
Streaked Weaver,strwea2,Streaked Weaver_terrain,Streaked Weaver_trend
Baya Weaver,baywea1,Baya Weaver_terrain,Baya Weaver_trend
Finn's Weaver,yelwea1,Finn's Weaver_terrain,Finn's Weaver_trend
Black-breasted Weaver,benwea1,Black-breasted Weaver_terrain,Black-breasted Weaver_trend
Green Munia,grnava1,Green Munia_terrain,Green Munia_trend
Red Munia,redava,Red Munia_terrain,Red Munia_trend
Indian Silverbill,indsil,Indian Silverbill_terrain,Indian Silverbill_trend
White-rumped Munia,whrmun,White-rumped Munia_terrain,White-rumped Munia_trend
Black-throated Munia,bltmun1,Black-throated Munia_terrain,Black-throated Munia_trend
Scaly-breasted Munia,nutman,Scaly-breasted Munia_terrain,Scaly-breasted Munia_trend
Tricoloured Munia,trimun,Tricoloured Munia_terrain,Tricoloured Munia_trend
Chestnut Munia,chemun,Chestnut Munia_terrain,Chestnut Munia_trend
